Nphi,N,time,logMDD
14.0,500.0,1.9477307480000001,-4.3307517887734335
