mean,std,lower,upper
3.5801971455021855,1.390252066739499,1.3221978108984724,6.039279457122516
0.0,0.0,0.0,0.0
