mean,std,lower,upper
0.11349319362901568,2.9260178492773385,-4.746809925909682,4.564367995863201
0.0,0.0,0.0,0.0
