Nphi,N,time,logMDD
16.0,500.0,1.5996019569999997,-17.575801217146093
