mean,std,lower,upper
3.5801971455021855,1.390252066739499,1.3221978108984724,6.039279457122516
1.2620442374882879,2.2297480300933064,-1.6965182754624508,5.360008136553055
