mean,std,lower,upper
4.544395174714191,0.5377955010656121,3.6652856764069326,5.425796660515158
0.33283766071597526,0.5922884965939819,-0.63249381649415,1.3491297901239947
